Enzyme_Load,Bili_AST_Interaction,Bilirubin_Protein,Alamine_Aminotransferase_log,ALT_Albumin_Ratio,Total_Bilirubin_log,Direct_Bilirubin,Direct_Bilirubin_log,Total_Bilirubin,Bilirubin_Ratio,Aspartate_Aminotransferase_log,Aspartate_Aminotransferase,Alamine_Aminotransferase,Albumin_Protein_Ratio
-0.13810604893078762,-0.040804333147191674,-0.019909099064673478,-0.022075268972977086,-0.01808992783309528,-0.031154053323345907,-0.07087738987671122,-0.07087738987671122,-0.037241433558763734,0.021377788446475598,-0.02053322940041035,-0.02053322940041035,-0.04553249391079583,-0.07052245225341805
-0.12479006206442639,-0.04004455085205127,-0.025824942627701252,0.012648891134451192,-0.01706832165166999,-0.02518568345136712,-0.05273793012778068,-0.05273793012778068,-0.02518568345136712,0.03743497426428945,-0.0003094549689811543,-0.01853846574303223,-0.03471775238921705,0.0025384815044011944
-0.12145732414424237,0.008290910171016339,0.06351355984589982,3.54280156359297e-06,-0.03411083930756441,0.08763834069676335,0.13005178612000742,0.13005178612000742,0.08763834069676335,0.01836747891063452,-0.0003143640366530657,0.001662044334572953,-0.03855709420543062,0.050395084528454426
-0.11906485710600287,-0.027252251729317844,-0.028548553700817256,-0.04111150424909263,-0.024933708472610016,-0.029124245136971445,-0.05647088809156843,-0.03545259767574196,-0.029124245136971445,0.04331471499614959,0.003115451172308135,0.003115451172308135,-0.04111150424909263,-0.08649001944793165
-0.1463589346444688,-0.05983951860450315,0.006606177333360806,-0.034907203170888725,-0.018914860201949532,-0.0507816278479601,-0.048126814131917044,-0.048126814131917044,-0.0507816278479601,-0.0026212963482603103,-0.034831355500723554,-0.034831355500723554,-0.034907203170888725,-0.010807753218212876
0.07513605741925539,0.0009527110260284547,-0.013362375851141894,0.04009767157038488,0.03944367828530428,-0.012581933281033925,-0.04673333069491632,-0.04673333069491632,-0.02630928548796403,-0.012496489906331662,-0.005479483584282027,-0.015774282211485684,0.06373921704117544,0.04029293086446016
0.05493493579498608,0.030884396649219856,0.04753162919410739,0.054504755073909936,0.038556102686437874,0.06489701677415557,0.12083596182288561,0.09100702779110582,0.07916502983139018,-0.011935535637861022,-0.00149690617871088,-0.01569352337960752,0.054504755073909936,0.05693494503089007
0.17527386628043315,0.027365185698137888,0.0649550826571022,0.03200064312615232,-0.0037001475756144905,0.08288235764479558,0.11231186069605531,0.11231186069605531,0.08288235764479558,-0.010191032463259154,0.028272808829343608,0.028272808829343608,0.038317526391823,-0.0753830329289249
0.1802000884826486,0.037073201060350704,0.059436049169381035,0.03493186737792281,0.06052883536379301,0.08417268882370645,0.09619967881948367,0.09619967881948367,0.08417268882370645,-0.0020393708516322977,0.0172324787197719,0.01816242393344703,0.03493186737792281,0.06195702300395511
-0.11003657657014529,0.03278765107231262,0.06477392623368819,0.0075524066898833425,0.037597061317036155,0.07990570207158418,0.0977209674240359,0.0977209674240359,0.07990570207158418,-0.009184251437380176,-0.013854620364144516,-0.013854620364144516,0.01596736792348003,0.061462771368967536
0.15027110171308866,0.03977369184396069,0.056577839676835766,0.03273798770955279,0.04888838074398044,0.07050507552600656,0.10514866686195179,0.10514866686195179,0.08029269085229085,-0.008762971565843597,-0.0003461118896274908,0.0009361683533084208,0.0524816432073858,-0.020045779875097317
0.09598767680813834,-0.035300203766453105,-0.006128189320665503,0.009100376687967522,-0.023952078095904734,-0.017732397786239147,-0.0689064463034386,-0.0689064463034386,-0.06086399619339114,0.05328337165179096,-0.0034965722796045334,-0.0034965722796045334,0.04356024944016009,0.04481278244375364
0.07437650434105396,0.040745743891964746,0.06787622690985344,-0.011779521398695498,-6.529974810146597e-05,0.07416478692634856,0.09380372408455584,0.09380372408455584,0.08149889570322505,-0.0008452926855886777,-0.0035627812163257825,0.005124350203822015,-0.01738616093454845,0.04855569613412577
0.185687207839568,0.04617256361540625,-0.0377003108554563,0.043676985637673374,0.0623732512619799,-0.04236192761990805,-0.056575080495674314,-0.056575080495674314,-0.04236192761990805,0.032356900326986376,-0.004609161492676336,-0.03502917714451877,0.05087921261891597,0.05738807777165926
0.17538221835147885,-0.04647316983508613,-0.03171667461297002,-0.02324890966213033,-0.03276883314221061,-0.04194165159687557,-0.044705527873952995,-0.037750819663341366,-0.04194165159687557,-0.030440400858911414,-0.0001560295126804724,0.000712730245983226,-0.03704606448956364,0.05947629663241943
0.08661035055616095,0.027266745971419037,0.003419371062161514,-0.03569169662207334,-0.04871554857358404,-0.030399814975813545,-0.052127071688934774,-0.052127071688934774,-0.030399814975813545,-0.00352762068227304,-0.017252401700803683,-0.017252401700803683,-0.039700814022647024,0.05634044046520329
-0.13536856833764518,-0.04563635302401213,-0.06393192147187626,-0.016356855105266264,-0.008603915527749634,-0.017737329311390125,-0.04689319561140415,-0.0348545980285289,-0.03632528945750491,0.008113746481045542,0.006011051017839241,-0.009286253668017528,-0.021390082983224024,-0.07955000823673584
0.1554292291247801,0.038149568215547554,0.06046504442802307,0.042876531333118695,0.0505788421620928,0.07810043627146283,0.1232617795341463,0.1232617795341463,0.07810043627146283,-0.01071910377778589,0.014327538915792052,0.014327538915792052,0.04833286348395419,0.00028612168510680274
0.170757385474901,0.03851591525642217,0.05702066294067775,0.01965761936605101,0.007293317804947304,0.001721792044673887,-0.03428460984579441,-0.03428460984579441,0.012126697051932542,-0.02921564568894869,0.012710259506603443,0.034685142613657245,0.04499308715684751,0.04248874491862457
-0.11114625751510021,-0.047736112321058816,-0.04375185188543153,-0.02205914717498681,-0.005349824398936364,-0.05602836025617315,-0.04896487654897839,-0.04896487654897839,-0.05602836025617315,0.04075722265489837,-0.02527480645180975,-0.02527480645180975,-0.037161924275740256,0.03884302059368056
-0.13296662259904996,-0.004950595807732002,-0.03278426975991704,-0.004162261093353327,-0.041901485555066204,-0.002314417564683167,-0.061989929750263455,-0.061989929750263455,-0.02872886169957529,0.01776373667330662,0.0002691392126205753,-0.02114273563472948,-0.04435861096928864,0.0674346796411577
0.16727457020342465,0.03289993598310669,0.05265670442692709,0.02907019201392527,0.03246720500363876,0.07301315939079492,0.10286390012657727,0.10286390012657727,0.0761274551833912,-0.0011349234106714278,0.021199762833526627,0.021199762833526627,0.04256490048070387,0.03377304744775489
-0.13204897896224954,-0.00769955473131373,-0.04429760030490683,-0.023506047460177773,-0.012625753229553649,-0.04875795061548322,-0.06678088342729989,-0.054809347622734754,-0.04875795061548322,0.008965762772668728,-0.008795317265003981,0.015582386989157662,-0.030885682265932395,0.02322447543149626
0.18343619036368164,-0.01698756997585642,-0.059428815795403926,0.02193786698530888,0.06641685955952702,-0.035365006272472764,-0.048690579752202805,-0.04131327186635469,-0.035365006272472764,0.023786413893402122,-0.014579237005411201,0.014680191553156913,0.07456464900060239,0.033795869176803536
-0.10260320029098835,-0.0340473280630232,-0.060072080672363984,-0.028844970893911318,-0.0383569011506264,-0.02572822979141867,-0.03834802743351718,-0.03834802743351718,-0.02572822979141867,0.04014729527804036,-0.018417287693175625,-0.018417287693175625,-0.028844970893911318,0.04092709764416213
-0.14609583572365267,-0.03387655482150367,-0.06933037846545519,-0.04031693786804687,-0.031725218330789194,-0.038617170789389574,-0.05914776709615744,-0.050517861276192344,-0.056206337838312595,0.01713950543244894,-0.010295968844329347,-0.010295968844329347,-0.04031693786804687,-0.015453335175509703
-0.12085996273110365,-0.017519826882350993,-0.06034491717421304,-0.005609767712662373,-0.034941470383304925,-0.035505564582643485,-0.038947395202010675,-0.038947395202010675,-0.03835802965657956,0.03219572305415558,-0.007091830419323757,-0.007091830419323757,-0.049039493095681376,-0.029585001805729094
0.16351653529090687,0.04422517217206363,0.056541199220545714,0.041154793944488385,0.047364939996871705,0.08972299872461004,0.09317325363407875,0.09317325363407875,0.08972299872461004,-0.022327390280611734,0.022418326851903335,0.022418326851903335,0.04915792503185718,0.04738613046397465
0.06349268903493535,-0.04144323056649049,-0.0037386384671852114,0.06493686354339968,0.0032115144346859252,-0.03398181262663828,-0.045932060760009295,-0.02851956185162015,-0.047657425001875274,0.0364643180980682,-0.005271717872287465,-0.005271717872287465,0.06493686354339968,0.0792869105810988
0.1638314009086175,0.05673582127659338,0.07778168307258944,-0.026485201264778463,-0.01963653070865242,0.07771373630028906,0.10465562187616856,0.10139987014929143,0.07771373630028906,0.00350439559829348,-0.022953428319749898,-0.022953428319749898,-0.0325316143823059,0.04708355179712899
0.08210916368928665,0.04048820019318702,0.06395148244877054,9.293602939806527e-05,0.03380227569862492,0.07278443713939318,0.10927788743894794,0.09306921941497857,0.07278443713939318,0.01489848929080583,-0.018088810960200645,-0.018088810960200645,-0.004813078251475856,0.0502397109858648
0.07598200340751703,0.0440840915647939,-0.013790522902632428,-0.04560184072296183,0.03893569792097579,0.0875662664750213,0.12385802588944733,0.12385802588944733,0.10768002481811144,-0.013435665664410939,0.005172347589096627,-0.010118135399204607,-0.04560184072296183,0.035502550834704855
0.08438675753066324,0.046200864369611384,0.06309056266667264,0.02588849074876903,0.06865917671623374,0.07601278328441806,0.10498544496740837,0.10498544496740837,0.08054888069953685,-0.026944571558138748,-0.01014152574380261,-0.01014152574380261,0.027077338297964083,-0.025235643593154347
-0.13781659121031145,-0.018295127470668658,-0.03727834001317053,0.0015446730086496796,0.0004611798101173058,-0.0243992790336828,-0.06225115351037374,-0.06225115351037374,-0.04741214872238517,0.05624641470572364,0.013725183306441036,0.021135649190072027,-0.007359075382589166,-0.08314712350512254
0.09567434346426655,0.021390378900307705,0.06240830350389632,-0.03168068144489825,0.011516228359865136,0.07754384410094574,0.11760697103459303,0.11760697103459303,0.07754384410094574,0.0005532376844585966,-0.01520968151088349,-0.01520968151088349,-0.05274404505108065,0.03729317784979473
0.16488802567929067,0.038690000155031094,0.0644591555083515,0.04387356113745782,0.06361549668376569,0.08547593836402517,0.10992922901466996,0.10992922901466996,0.0879428674304375,-0.012407055784825498,0.011924526605801568,0.011924526605801568,0.04387356113745782,0.046061881445715075
-0.1019616157992885,0.018092874092025507,0.061954338437162804,-0.03167597810445049,-0.01706507244436402,0.0763509490636843,0.10825258867787425,0.10825258867787425,0.0763509490636843,0.014311336026334349,-0.019340319270169062,0.022871905251689636,-0.047359117908120626,-0.03566454250679637
-0.12628657325438333,0.034297952868937956,0.06563447657467077,0.039673049138791036,0.03533518134352474,0.07698064568239457,0.11599165521718363,0.11599165521718363,0.08582324879776494,-0.0008359028910648378,0.0029966656783852862,0.0029966656783852862,0.039673049138791036,0.03580228417397772
-0.09798680229625524,-0.04412931623436843,-0.01159485802493615,-0.018908230465099922,-0.017452066782233402,-0.0489796397333524,-0.04048498661141388,-0.0386955027729525,-0.0489796397333524,0.02348486403151913,0.007405835931971652,0.035787288576973025,-0.04788686295871212,-0.009018823701598075
-0.09701216250670658,-0.013565575218780114,-0.026075399814121502,-0.006126178408890991,0.0004880310210021204,-0.008625285007863899,-0.04343589408268647,-0.04343589408268647,-0.05031077079723284,-0.007749816229731481,0.0006756433456831801,0.010918065527502204,0.010617713440076917,0.06038999691010412
-0.12098564403587576,-0.03182524065378625,-0.029852180967496988,-0.03292992917615365,-0.013627267277514525,-0.028387910064957073,-0.05251588714371917,-0.05251588714371917,-0.06595495726333431,0.0380213132696439,-0.002312986710533497,0.03701567732106501,-0.0535746917048964,0.03571800524218615
0.09137809733015972,-0.04064363198993301,-0.033239471935046935,-0.018886831528741668,-0.011956319261933657,-0.052760038900361114,-0.04828025443527921,-0.045882436656136553,-0.052760038900361114,0.02536248251462446,-0.011651872776229989,-0.011651872776229989,-0.018886831528741668,0.0027931539170929255
0.08773569935019834,-0.047491073185745455,-0.023745088172076517,-0.037213187585371926,-0.026526735264266854,-0.02835684639801952,-0.04583703913579072,-0.042335830364754926,-0.02835684639801952,-0.030788269629667044,-0.01326297590404409,-0.01326297590404409,-0.037213187585371926,0.07063052197787904
0.17459152876738915,0.04877474709156062,0.06480326724529226,0.015248648986217462,0.0445961812715697,0.07545443518553749,0.10725541486447787,0.10725541486447787,0.07601366967396979,-0.009965830646876627,0.00648597614835119,0.00648597614835119,0.023805793306847515,0.03167858452581204
-0.12475562673043827,-0.033808837930015906,-0.009283437999048797,-0.008508294839091494,-0.026940233236210944,-0.04082635817850746,-0.053849677003600965,-0.050746335127964615,-0.04885668591714313,0.03815221075793215,-0.010892445715836918,-0.010892445715836918,-0.04916804385878015,0.02148038158734863
0.06932806965519712,-0.015414374016553354,0.021239090577265148,0.023228531666180156,-0.02614423238347772,-0.03205309781056507,-0.06568609247451204,-0.06568609247451204,-0.04091891294230352,0.035097917221535595,0.010778500303992205,0.010778500303992205,0.03250158976834356,0.04114040845245734
-0.12759148453720384,0.03699716135638228,0.0517667586001572,0.029996129443735815,0.002469344207810904,0.09461673562810935,0.1268413633022583,0.1268413633022583,0.09461673562810935,-0.0035703819074748315,-0.006346737788122112,-0.006346737788122112,0.029996129443735815,-0.015019182339414813
0.18091476108809332,0.03478642305256332,0.07184582265008875,-0.01079769375375643,0.0014816327135068349,0.0669946402774131,0.1059400475988696,0.1059400475988696,0.08820368457705655,-0.006465844336064427,-0.013993200647073413,-0.013993200647073413,0.015442121647248253,0.026623423740148828
0.08650568242003319,0.04429668168665438,0.05740343500327886,0.049813590832032774,0.04337261760785876,0.09188832353756828,0.09179136518990515,0.08564205203162872,0.09188832353756828,0.0005249593908163261,-0.0038183969789175173,-0.006662391424517109,0.049813590832032774,0.05635606679941093
0.17902721757574497,0.0551735184322953,-0.002307392113936124,0.020309164003204722,0.038974422246330964,-0.0044061124457696055,-0.03298929624474888,-0.03298929624474888,-0.020611104809171717,-0.013328652806719698,0.01858327019039984,0.01858327019039984,0.04516915191285655,-0.020578400983178344
0.17506405674907513,0.04340861518683159,0.06026110456169647,0.030312405090599372,0.045494864316146244,0.06993921977310029,0.10648666522994304,0.10257820456880398,0.07029156716121031,-0.01780842195961536,0.027474533082395218,0.027474533082395218,0.04703190953238968,-0.02585000451489381
0.1781508189323907,0.0429990197483422,0.0434779431695639,-8.700357387015644e-05,0.04548519811600226,0.0851857262816056,0.10743309435867249,0.0834414757465979,0.0851857262816056,-0.0030343078740705702,-0.021361297617078355,-0.021361297617078355,0.02617367210601435,0.034251167133962805
-0.12425414528218119,-0.030606395920717587,-0.046860833511352756,-0.004698412339895482,-0.03370453363606479,-0.04766924694751574,-0.05604664579540905,-0.04529826590878366,-0.04766924694751574,-0.018571568689505578,0.018953101882610308,0.018953101882610308,-0.027346553971684683,-0.07432306352864478
0.17607730731330312,0.040025665055536556,0.05468295155614596,0.04114510599703203,0.061801748545422204,0.07011824362631071,0.10678188425651934,0.10678188425651934,0.07011824362631071,-0.016125387536280858,0.017210523194222133,0.017210523194222133,0.05690121768067927,0.029075786918631916
0.16282411109714928,0.04206205555058553,0.04788966261886769,0.03338717785209676,0.059765556206279206,0.06545520640776967,0.10234430147590144,0.08928702095874588,0.06859820831214958,-0.010498153002402984,0.00040430290009785003,0.004317287718098474,0.04445782299654396,-0.009997665330522647
-0.11740681772167999,-0.04788310003976585,-0.021479976952319593,-0.034791753253548836,-0.026981107352075474,0.008477385058771403,-0.028124992345295682,-0.0008382137244216368,-0.03443171318502329,0.00475662677355363,0.013666803271886793,0.013666803271886793,-0.034791753253548836,-0.0821307789466509
0.16826667561804395,0.03175049005178259,0.04741205280548179,0.02630084953023966,0.03962775120731294,0.08541307352411882,0.10405752092532376,0.10405752092532376,0.08541307352411882,0.0032289011263207036,0.01755775534535311,0.01755775534535311,0.044887621175907964,0.0383925068265475
0.09418554742696146,-0.0065813113768254565,-0.018371955318450137,-0.0438290988250567,-0.019685029429237506,-0.03603956453121957,-0.0556980479451104,-0.0556980479451104,-0.03603956453121957,0.0013414421001520028,0.003256325866976256,-0.03935057347619192,-0.0438290988250567,-0.029530178752622892
0.1811155372823443,0.05202512519517861,0.06623927555980781,0.004402561106303584,-0.007548280242032313,0.08509527821130529,0.10070550702112409,0.10070550702112409,0.08509527821130529,-0.00022630244565743758,-0.005532297747937496,-0.021251439108752167,0.013084877432496003,0.047857152399510466
0.07154782099412411,0.01074031476549051,0.02913491667510829,-0.009019342063929884,-0.008158024554655212,0.08472485219830601,0.0892625583447774,0.0878096979879938,0.08472485219830601,0.0030191641348325197,-0.015247871769143136,-0.015247871769143136,0.019608878374972712,0.034441034993692735
-0.1195996221635477,-0.02600698194809108,-0.011129924205368133,-0.006131938892008623,-0.03347734964148104,-0.04571648132491258,-0.05281226170773508,-0.02037909883226697,-0.04571648132491258,-0.011866897111167242,0.018948397255864568,0.018948397255864568,-0.02503865186990913,0.012308487507874664
-0.10611601681493907,0.03998949043931235,-0.000759224204962059,0.003162482318807935,0.010505331047117062,-0.032513705860067355,-0.06106443416718729,-0.029584143669248684,-0.032513705860067355,0.03944864069138669,-0.002534597518243454,0.006707129186345337,0.004662741040903306,0.0727039786379539
0.1903590073071074,0.019529986272923974,-0.0018299995408754526,0.029303706497571812,0.057851084986881685,-0.02385113910306875,-0.04498520103144579,-0.025475799298817686,-0.02385113910306875,-0.04107680377526214,-0.016417113325951437,-0.016417113325951437,0.04711742750321939,0.07251567827356024
0.07045290244594599,-0.021086473535523988,-0.030971570833199555,-0.019663717384731078,-0.028627240167228056,-0.054912929423900775,-0.03866524579037276,-0.03866524579037276,-0.054912929423900775,-0.027169156466577943,-0.002529523638440507,0.009381487478458399,-0.03432982764576923,0.07253528222017375
0.18604579047519848,0.01776759500434359,-0.023919974936399947,0.027311137032071074,0.05209525254464397,-0.0049801821566587065,-0.03606044529835813,-0.03606044529835813,-0.018422755492909833,-0.024035492199030995,-0.009654529249166328,-0.009654529249166328,0.05638755151512222,0.05422842497088369
0.09222047276139701,-0.04996079063229817,-0.007995581126396083,0.04531423456617075,-0.006579113200651184,-0.0449191666793444,-0.05519681027265143,-0.05519681027265143,-0.0449191666793444,0.03343505246371382,-0.00863332574299661,0.02464133714955869,0.04531423456617075,-0.08338066686573825
0.17624456511619213,0.04699714035182416,0.06149915703530101,0.0480090134413028,0.0517815278763277,0.08216637567285859,0.09391477747283186,0.09382462624805869,0.08216637567285859,-0.002165681944307501,-0.02005857053419068,-0.02005857053419068,0.04866710060992184,0.05271959157160375
-0.13988713335834912,-0.04645270440986203,-0.01668057135518552,-0.02216054243593708,-0.04032174239109041,-0.003708774215721972,-0.033225073528523684,-0.033225073528523684,-0.009102542118815329,-0.012520097758220952,0.014800064200859374,0.014800064200859374,-0.044575604817213614,-0.006527164214188628
0.17433959202246413,0.05262138131728989,0.0560369257389726,0.025527176288655484,0.04084310372585655,0.07149589057431877,0.09895824977986074,0.08525506803974736,0.07149589057431877,0.016384431474016695,0.01574147484252271,0.01574147484252271,0.033791976120142946,0.06746302685208876
0.06503076894870675,0.0544661872936386,0.04470658097094766,0.02817229116086556,0.0519150829408759,0.08349887234933533,0.11282851399291485,0.11282851399291485,0.08349887234933533,-0.022095281107971192,0.020982297316580602,0.020982297316580602,0.04002530406398375,-0.09539663869433346
0.16541186713700518,0.04170286755672136,0.06150780923279454,0.0330700277777594,0.04982303940225736,0.0713509131099594,0.10474258387592576,0.10474258387592576,0.0713509131099594,0.005194148627938908,0.0194514401148636,0.0194514401148636,0.04037725633274984,0.06028491620483823
0.18216338717488995,0.05819727102478299,0.002853319667175747,0.03201268558708159,0.05926350068346322,0.07912906821641566,-0.050276189192953256,-0.050276189192953256,0.07912906821641566,-0.013818474800981449,-0.010001565036644192,-0.010001565036644192,0.033422213650584245,0.048252647183833874
-0.13087993276909365,-0.023299724021834025,-0.016539687338254516,-0.04602999496341824,-0.04711487711126279,-0.036361848218402285,-0.05471078915403135,-0.05471078915403135,-0.036361848218402285,0.018938061250972107,-0.021417997118358283,-0.021417997118358283,-0.04602999496341824,0.03801733333511584
0.1657983934835785,0.06133617943582567,0.04987390730746305,0.0479960500827383,0.03818685966085869,0.07974021201206148,0.10993159475528647,0.10993159475528647,0.07974021201206148,-0.007797888831009325,0.008486226157681147,0.012623384728709577,0.0479960500827383,0.04844043063370011
0.16540484831518418,0.027967079114263924,-0.0009024056997142487,0.04439957279759503,0.04600326901857271,-0.014815268670718485,-0.04487928725801192,-0.031707874617166815,-0.015553105964922539,-0.010601547280926214,0.011056568253795775,0.014154228567489862,0.054396288692874904,-0.03238646502062451
-0.12357932032751967,-0.021400300172260255,-0.010650950394772941,-0.02407918201014282,-0.016595976922974424,-0.02226194090806589,-0.053730908465146776,-0.03555863925124779,-0.0326291212778386,0.023311077754294814,-0.021035542821003596,-0.021035542821003596,-0.042085311154477036,0.04911232077998972
0.18102307721115227,0.03270200825762471,-0.00677191528048076,0.029980953884203614,0.013048700704681938,-0.026781570300147817,-0.05288349564849563,-0.05288349564849563,-0.026781570300147817,-0.032679913102533764,-0.006805274106086116,-0.019014183527508333,0.07151163663930178,0.054865332395269036
-0.13249778385756802,-0.05683404995939808,-0.0013586678716020738,-0.013302241480738362,-0.024598380547425337,-0.05072919637175458,-0.059711462030627604,-0.05692180784181775,-0.05072919637175458,-0.013372874986832798,-0.011175672649510249,-0.011175672649510249,-0.06272282091751903,-0.08098903854572442
-0.10089061006885991,-0.050099619301276405,-0.016779942163766937,-0.000629236198625536,-0.030018711734588425,-0.027562861805195696,-0.03732689449857162,-0.03732689449857162,-0.058659352742318656,0.05751036910077514,0.033698572741052604,0.033698572741052604,-0.04865177678573985,-0.0020086340564464266
-0.1462825706610724,-0.038490940615016914,-0.036310159830873316,0.003084304444307973,-0.018934054872091235,-0.036918848906571614,-0.04916318423573623,-0.04916318423573623,-0.036918848906571614,0.01347569015587904,-0.03705700858057974,-0.03705700858057974,-0.010280055076488905,-0.02427024147232973
0.06246545213102908,-0.042210566564106475,-0.0049169373168753,-0.042875236244317105,-0.019039741820499702,-0.05105036051632445,-0.0635034758357396,-0.048980446783018106,-0.05105036051632445,-0.002740400445637811,-0.016074738404951883,-0.016074738404951883,-0.042875236244317105,0.037243702146758983
0.1795078769487054,0.014020869411529838,0.009895945832478421,0.04003882570094179,0.048778356634101475,-0.0341772454293958,-0.060206828014485625,-0.03279334910102137,-0.0341772454293958,0.016810214343976237,0.019203751449897208,0.019203751449897208,0.04003882570094179,0.021860501157316446
-0.13627423684678705,-0.022443918298574932,-0.02369995998726912,-0.022313576767793,-0.0166610303550421,-0.045017955598294496,-0.05124771888949304,-0.037234757236126216,-0.045017955598294496,0.02562149907844448,0.0037996994995276962,-0.009510073369619529,-0.03829383760479465,-0.024618960807108913
0.09138083386576364,-0.020412253180142097,-0.009045374686538574,0.00541238864904089,0.01779802036569773,-0.03707014363441303,-0.05375838025503981,-0.02683755413850588,-0.03707014363441303,0.041442954950321145,-0.029043810015462763,-0.029043810015462763,0.03913594868200778,-0.07829984174456688
0.10050655688216606,-0.06746233683304793,-0.034360962849013854,-0.004505674711173622,-0.03049487116217644,-0.04113717819457134,-0.06805337527788452,-0.06805337527788452,-0.04113717819457134,-0.023498339568398318,0.0053778461197292095,-0.006000504963058522,-0.04184464207092199,-0.004185505600901833
0.08301624894459536,0.0469146655348383,0.0007674608721305045,0.0068239285647948445,-0.0017258216201425217,-0.0229899908912806,-0.04740568731594154,-0.04740568731594154,-0.0229899908912806,-0.0361522536952803,-0.023998754286220843,-0.023998754286220843,-0.024577566424825528,-0.024521786592932693
0.16875334474982007,0.018912463146148886,-0.02600478660948853,0.00978332441174961,0.04859111724868802,-0.0033008475840965285,-0.03965392806049062,-0.03965392806049062,-0.04290673692828118,0.01085886622508295,-0.02636281655874045,-0.02636281655874045,0.051396438533816244,-0.07883085074844938
0.17387608432183638,0.02164679640037973,-0.021881964023954883,0.0001524212504848264,0.059927725107619186,0.0663143842620616,-0.048135481655387155,-0.048135481655387155,0.08600873968850742,-0.03493328452057547,0.0005249202107131127,-0.00923620265820438,0.01320220475745116,0.04166524645772376
-0.12709089551082775,-0.01641721871835695,-0.032825446944839985,-0.0039964548373499975,-0.005243989929968267,-0.03996485042979012,-0.049739050012912504,-0.049739050012912504,-0.03996485042979012,0.024468319931309348,-0.005253281707520544,-0.03140132174441973,0.0252494908668361,-0.03697615951327379
0.0677151676571805,0.0507281259881547,0.05306735872530283,0.04576758726085905,0.03486230028443297,0.08028050382150953,-0.05290727007469762,-0.05290727007469762,0.08028050382150953,0.023801434152232005,0.013733373633157808,-0.013819572353975544,0.0485761206317206,-0.027803846598538257
0.08443527841884681,0.03430163433452772,0.0670540905465089,0.02552903740288783,-0.009372492196793732,0.0828697873369232,0.10147185131415039,0.0937141807744918,0.0828697873369232,-0.015117456412147753,-0.001547827223272983,-0.001547827223272983,0.030121877674425753,0.03635873516307348
0.06970328254739344,0.035834031084330545,0.08303671486383851,0.0360914272833549,0.03267908712244156,0.06884276314368806,0.09498025428473168,0.09369834654148099,0.08999728626237809,-0.010241865673038777,0.03451580379518257,0.03451580379518257,0.0360914272833549,-0.031964504754430634
-0.12028379669764118,-0.06527957116243739,-0.004028833691606964,-0.026490706777478036,-0.031827154208527754,0.0206212637281473,-0.04914889530860461,-0.01656220340427923,0.0206212637281473,-0.015023836266962902,-0.02110956093891656,-0.02110956093891656,-0.026490706777478036,-0.09132624022257373
-0.12957280567051047,-0.013465398253404655,-0.03437614719077499,-0.016613237747162782,-0.010279303955484143,-0.024110077262826383,-0.04505832812417182,-0.04163347362727428,-0.03842080032308447,-0.010599444662458171,-0.003869847311470854,-0.018227893307194116,-0.016613237747162782,-0.08629982786333043
-0.13608625166709273,-0.00724534774094833,-0.007096734417278587,-0.034754597534369415,-0.002312429060750374,-0.016165713306980235,-0.06318503148363083,-0.06318503148363083,-0.030072251739035858,0.02744235391472834,0.007030510676216518,0.007030510676216518,-0.03478005383266951,0.04836913849555234
0.08582571053464615,0.027766960829359685,0.07859786025033173,0.00794785019445466,-0.02184518531333419,0.07452067912606707,-0.0361315239961913,-0.0361315239961913,0.07452067912606707,-0.0008425927291140068,-0.00038943085363616167,-0.017031771158825117,0.00794785019445466,-0.10088743124058407
0.18573441834493043,0.03953450715827228,0.05072919588013353,0.03642861591897531,0.029136312017582728,0.07905113070248239,0.09928244978961276,0.09928244978961276,0.08148516553344395,-0.022895780696781422,-0.0299460540722963,-0.0299460540722963,0.051717543427408974,0.044953538406137826
-0.1148431903801858,-0.03317650591310385,-0.023223770468632762,-0.03781374535859393,-0.059531837707604944,-0.038924479093056394,-0.06890156126293921,-0.06890156126293921,-0.039041625724530134,-0.0373577106831128,-0.005447924705920005,-0.005447924705920005,-0.03781374535859393,0.007747270956392724
-0.13394880105445514,-0.03676819847658325,-0.023315827897954357,-0.006069953925449941,-0.04133940974865542,-0.033010513006211745,-0.06025006185212057,-0.06025006185212057,-0.04298308956511501,0.021395039849635852,-0.02052491508604075,-0.02052491508604075,-0.03425923855419312,0.05579104792765209
-0.14149323596849664,-0.042145519550022784,-0.00487061849602593,-0.007438409945488763,-0.04418323131936594,0.007535603618758718,-0.04014998485081083,-0.019375291487568547,0.007535603618758718,-0.03423053563756834,0.0002738737227028431,0.009055867529651705,-0.045660534013626124,-0.07656920763455878
0.17143068065842254,0.04779069511470562,0.05125957504012819,0.039784898820561104,0.06021382562398107,0.08072287544917058,0.11601967227229379,0.11601967227229379,0.09544904174890503,-0.0021303520341775218,0.008585749088694757,0.008585749088694757,0.04342706282145946,0.03683957437916
-0.10918381678873801,-0.02547973907250884,-0.04709763757345707,-0.028556771460313452,0.007081884132686195,-0.012419657014443933,-0.07947311115018153,-0.07947311115018153,-0.048336763538423005,-0.012028756652534039,0.0033236133371352342,0.019663778675265416,-0.042566834663710904,0.044794658415644915
-0.10315004457538919,-0.01584912769556334,-0.007617094489236574,-0.007489584360679186,-0.016414655292624425,-0.020553001100869713,-0.0521926756529657,-0.04339876902391091,-0.023271731755047754,0.0034206062711432113,-0.01379786528752245,-0.01379786528752245,-0.04115870083419714,0.07855098874620059
-0.11825746905869351,-0.05057109492987617,-0.032998358932491055,-0.024144443678332243,-0.02104269860633699,-0.03994894228782672,-0.06314180573217983,-0.06314180573217983,-0.03994894228782672,-0.008267113864059202,-0.016162254045432214,-0.0365318496645526,-0.03953014437669215,0.04817656863163455
0.08917226310189731,0.05179672842633372,0.0566046228657316,0.0355393142348201,0.032021673928744554,0.08795474993552474,0.09565500365469182,0.09193157866333776,0.09177905020082142,-0.018937653991541015,0.01264088882888868,0.014789690429148834,0.03996210674827875,-0.005339775646464631
0.06945172571477493,0.0023172120221385266,-0.02429549723233881,0.03210432408301504,0.0644301158040848,-0.039466016076645474,-0.02123737788881265,-0.02123737788881265,-0.039466016076645474,-0.007654728625367657,-0.031741395242951,-0.031741395242951,0.03584612557381774,-0.02834034156262499
0.076950200086413,-0.032776955794006794,-0.01820803100867431,-0.031948289825575474,-0.005470566484304589,-0.0314613163080766,-0.06643004931358074,-0.06643004931358074,-0.0314613163080766,0.008625955740984759,-0.029855806495298447,-0.029855806495298447,-0.031948289825575474,0.0034722799881183024
-0.11527795007565753,-0.038729925976497756,-0.005352101190099012,-0.019085662934937558,-0.03902886247374041,-0.03792845421251908,-0.05444019297037429,-0.05444019297037429,-0.04133418891201856,0.022276858060436663,-0.002039575910417107,0.03169671683677071,-0.02704504084375796,-0.0712917448767788
-0.11310204089634213,-0.048225136318863326,-0.013051827210771725,-0.031692436148956636,-0.02120745307892891,-0.04193171308956566,0.11658087554343312,0.11658087554343312,-0.04193171308956566,-0.012767288214246539,-0.0012991417411738603,0.011843329762968202,-0.031692436148956636,-0.02852896006495593
0.1631294766057077,0.0553000029286288,-0.031458105792451674,0.027449771837445087,0.0778938291132814,-0.03287100021563288,-0.03942509050421658,-0.03942509050421658,-0.03287100021563288,-0.033263941742807744,0.030485328492471996,0.030485328492471996,0.029042804624028886,0.06088392354069875
0.16021576756378467,0.03919566613088782,0.04797106713655522,-0.003528770685039975,0.05295869834318044,0.07461719813051139,0.09870942675854215,0.09870942675854215,0.07461719813051139,0.002310128024751628,0.0038828116011144034,0.0038828116011144034,0.024632759635624116,0.046085632123722804
0.07763329939097656,0.03318335312577223,-0.02318608842726222,0.01824406987340425,-0.014203606405806458,-0.05047364869906159,-0.06275327602078008,-0.06275327602078008,-0.05047364869906159,0.013112846249298295,-0.0027962715840657657,-0.031179999613193544,0.01824406987340425,-0.011966613434610003
0.19098147355072162,0.025635448162746887,-0.021076926448337304,0.03792224722812672,0.06402397636666629,-0.02613547148855553,-0.052105884083554814,-0.03460444961049731,-0.03004357704484373,0.02821897995821434,0.007649057759595868,0.019927013665303146,0.0588412318577168,0.050121742530386496
0.1605817644279135,0.02385596400265885,-0.011413941470887182,0.027327545471776103,0.054844800623505496,-0.00954747933449558,-0.05128591869720915,-0.02251891638575686,-0.009804235866555358,0.036907127839085,0.0018888837303806091,0.02906858440210079,0.03810121056583591,0.06736498261895461
